Day of sim.,Day of year,Year,Air T,Radiation
,,,(deg. C),(W/m2)
day,doy,year,air_temp,rad
   1,121,   1,           9.43,          18.20
   2,122,   1,           8.87,          13.40
   3,123,   1,           9.40,          14.19
   4,124,   1,           8.83,          14.33
   5,125,   1,           8.20,          19.51
   6,126,   1,           7.23,          16.48
   7,127,   1,           8.40,          19.97
   8,128,   1,          10.87,          14.10
   9,129,   1,          15.13,          21.49
  10,130,   1,          14.50,          17.38
  11,131,   1,          12.03,          17.27
  12,132,   1,           9.80,          21.48
  13,133,   1,           9.73,          22.60
  14,134,   1,           9.70,          20.59
  15,135,   1,           9.93,          19.32
  16,136,   1,          10.57,          19.07
  17,137,   1,          10.97,          13.19
  18,138,   1,          12.97,          22.17
  19,139,   1,          13.47,          19.72
  20,140,   1,          14.03,          16.55
  21,141,   1,          13.73,          15.94
  22,142,   1,          14.33,          19.55
  23,143,   1,          15.23,          18.72
  24,144,   1,          13.83,          20.58
  25,145,   1,          12.37,          13.27
  26,146,   1,          14.07,          18.81
  27,147,   1,          13.70,          18.11
  28,148,   1,          13.17,          22.72
  29,149,   1,          13.20,          28.61
  30,150,   1,          15.67,          23.20
  31,151,   1,          17.23,          24.96
  32,152,   1,          18.20,          29.01
  33,153,   1,          20.80,          27.66
  34,154,   1,          19.47,          19.50
  35,155,   1,          18.67,          21.91
  36,156,   1,          14.90,           8.43
  37,157,   1,          13.70,          20.65
  38,158,   1,          14.63,          22.75
  39,159,   1,          15.40,          18.58
  40,160,   1,          16.30,          24.89
  41,161,   1,          16.80,          20.55
  42,162,   1,          16.03,          19.08
  43,163,   1,          15.47,          14.36
  44,164,   1,          16.77,          23.75
  45,165,   1,          19.17,          26.76
  46,166,   1,          17.47,          16.76
  47,167,   1,          19.23,          22.97
  48,168,   1,          20.37,          20.77
  49,169,   1,          20.70,          22.07
  50,170,   1,          18.13,          12.96
  51,171,   1,          17.53,          18.58
  52,172,   1,          15.37,          15.80
  53,173,   1,          16.67,          21.05
  54,174,   1,          18.33,          22.92
  55,175,   1,          19.97,          24.46
  56,176,   1,          21.47,          21.11
  57,177,   1,          20.97,          23.16
  58,178,   1,          20.47,          26.33
  59,179,   1,          19.70,          19.15
  60,180,   1,          19.27,          19.92
  61,181,   1,          16.90,          14.97
  62,182,   1,          16.33,          12.83
  63,183,   1,          17.27,          18.64
  64,184,   1,          16.83,          17.82
  65,185,   1,          17.40,          21.23
  66,186,   1,          17.33,          15.31
  67,187,   1,          17.43,          14.51
  68,188,   1,          15.37,          17.79
  69,189,   1,          15.50,          17.37
  70,190,   1,          15.63,          19.67
  71,191,   1,          16.60,          10.31
  72,192,   1,          17.40,          17.27
  73,193,   1,          16.87,          17.27
  74,194,   1,          16.83,          12.82
  75,195,   1,          17.23,          16.96
  76,196,   1,          16.33,           7.11
  77,197,   1,          16.53,          15.73
  78,198,   1,          17.93,          21.02
  79,199,   1,          19.17,          19.35
  80,200,   1,          18.73,          20.61
  81,201,   1,          18.17,          19.63
  82,202,   1,          18.00,          23.98
  83,203,   1,          17.80,          24.61
  84,204,   1,          18.53,          22.32
  85,205,   1,          21.00,          18.62
  86,206,   1,          22.33,          19.71
  87,207,   1,          21.83,          16.04
  88,208,   1,          19.70,          18.43
  89,209,   1,          18.50,          11.65
  90,210,   1,          18.20,          22.08
  91,211,   1,          18.33,          18.71
  92,212,   1,          17.60,          18.08
  93,213,   1,          19.60,          17.95
  94,214,   1,          18.07,          14.18
  95,215,   1,          16.23,          13.80
  96,216,   1,          16.87,          16.89
  97,217,   1,          18.47,          19.79
  98,218,   1,          19.50,          19.27
  99,219,   1,          19.47,          20.43
 100,220,   1,          19.83,          19.36
 101,221,   1,          20.97,          13.80
 102,222,   1,          21.23,          19.03
 103,223,   1,          20.57,          19.63
 104,224,   1,          20.67,          19.37
 105,225,   1,          19.53,          16.88
 106,226,   1,          19.70,          16.17
 107,227,   1,          19.87,          17.30
 108,228,   1,          18.60,          15.22
 109,229,   1,          18.20,           9.11
 110,230,   1,          17.50,           9.83
 111,231,   1,          17.07,          13.32
 112,232,   1,          18.10,          16.02
 113,233,   1,          19.07,          16.05
 114,234,   1,          19.33,          16.61
 115,235,   1,          18.33,          17.57
 116,236,   1,          18.23,          18.12
 117,237,   1,          17.97,          17.39
 118,238,   1,          18.90,          12.98
 119,239,   1,          18.63,          12.93
 120,240,   1,          18.43,          12.36
 121,241,   1,          16.93,          10.13
 122,242,   1,          16.33,          14.73
 123,243,   1,          17.07,          13.01
 124,244,   1,          15.80,          11.75
 125,245,   1,          15.23,          13.85
 126,246,   1,          15.80,          13.42
 127,247,   1,          15.57,           8.98
 128,248,   1,          15.43,          15.32
 129,249,   1,          15.10,          13.78
 130,250,   1,          15.43,          14.13
 131,251,   1,          15.93,          17.38
 132,252,   1,          16.13,          11.55
 133,253,   1,          16.23,           8.56
 134,254,   1,          15.47,           8.28
 135,255,   1,          16.00,          12.16
 136,256,   1,          15.07,          10.88
 137,257,   1,          15.63,          15.34
 138,258,   1,          16.87,          12.18
 139,259,   1,          16.93,          11.13
 140,260,   1,          15.30,          11.20
 141,261,   1,          13.23,          13.61
 142,262,   1,          13.83,          14.07
 143,263,   1,          13.07,          14.81
 144,264,   1,          14.17,          15.51
 145,265,   1,          15.57,          14.51
 146,266,   1,          15.30,          10.49
 147,267,   1,          16.37,           7.49
 148,268,   1,          15.30,           7.22
 149,269,   1,          14.83,           6.85
 150,270,   1,          14.57,           8.82
 151,271,   1,          14.57,           8.98
 152,272,   1,          13.20,           3.20
 153,273,   1,          13.90,           8.25
 154,274,   1,          14.63,           4.98
 155,275,   1,          12.67,           6.64
 156,276,   1,          12.40,           5.70
 157,277,   1,          12.23,           5.43
 158,278,   1,          11.50,           7.96
 159,279,   1,          11.17,           3.76
 160,280,   1,          11.07,           6.76
 161,281,   1,          12.10,           6.79
 162,282,   1,          11.53,           6.13
 163,283,   1,          11.50,           7.96
 164,284,   1,          11.73,           5.34
 165,285,   1,          10.63,           5.53
 166,286,   1,          11.93,           6.20
 167,287,   1,          12.77,           5.49
 168,288,   1,          11.57,           6.25
 169,289,   1,          10.93,           5.22
 170,290,   1,          10.90,           6.57
 171,291,   1,          10.37,           5.48
 172,292,   1,          12.37,           4.73
 173,293,   1,          11.97,           3.55
 174,294,   1,          11.27,           2.96
 175,295,   1,          11.73,           3.73
 176,296,   1,          10.90,           4.86
 177,297,   1,          11.50,           6.56
 178,298,   1,          12.80,           3.89
 179,299,   1,          13.70,           4.38
 180,300,   1,          11.10,           5.70
 181,301,   1,           9.27,           5.90
 182,302,   1,           9.70,           6.02
 183,303,   1,           9.07,           4.30
 184,304,   1,           9.73,           4.59
 185,305,   1,          10.17,           3.85
 186,306,   1,          11.50,           3.28
 187,307,   1,          10.43,           3.28
 188,308,   1,           8.43,           4.15
 189,309,   1,           7.87,           4.63
 190,310,   1,           8.17,           4.12
 191,311,   1,           8.70,           4.15
 192,312,   1,           6.60,           5.34
 193,313,   1,           7.80,           3.58
 194,314,   1,           7.80,           4.41
 195,315,   1,           9.10,           2.63
 196,316,   1,           8.00,           2.59
 197,317,   1,           9.03,           2.53
 198,318,   1,           8.30,           2.16
 199,319,   1,           7.77,           1.47
 200,320,   1,           7.23,           1.79
 201,321,   1,           7.70,           3.06
 202,322,   1,           9.53,           2.47
 203,323,   1,           9.77,           3.71
 204,324,   1,           6.60,           2.68
 205,325,   1,           5.67,           3.52
 206,326,   1,           6.33,           3.41
 207,327,   1,           7.10,           2.50
 208,328,   1,           5.67,           3.40
 209,329,   1,           6.87,           2.68
 210,330,   1,           6.90,           2.19
 211,331,   1,           7.40,           1.14
 212,332,   1,           5.93,           1.09
 213,333,   1,           4.27,           3.05
 214,334,   1,           3.47,           2.43
 215,335,   1,           3.53,           1.95
 216,336,   1,           4.97,           2.51
 217,337,   1,           4.73,           1.89
 218,338,   1,           3.90,           1.76
 219,339,   1,           3.63,           1.54
 220,340,   1,           3.63,           1.66
 221,341,   1,           5.07,           2.03
 222,342,   1,           6.20,           1.80
 223,343,   1,           3.97,           1.62
 224,344,   1,           3.03,           1.87
 225,345,   1,           3.77,           2.48
 226,346,   1,           5.33,           1.77
 227,347,   1,           7.00,           0.95
 228,348,   1,           7.30,           1.60
 229,349,   1,           8.87,           1.74
 230,350,   1,           7.40,           1.67
 231,351,   1,           8.27,           1.86
 232,352,   1,           7.30,           1.87
 233,353,   1,           8.43,           2.31
 234,354,   1,           7.37,           1.47
 235,355,   1,           4.53,           2.27
 236,356,   1,           4.43,           1.52
 237,357,   1,           6.93,           1.48
 238,358,   1,           9.00,           0.70
 239,359,   1,           4.07,           2.59
 240,360,   1,           2.67,           2.18
 241,361,   1,           4.47,           2.17
 242,362,   1,           4.57,           1.44
 243,363,   1,           4.77,           1.84
 244,364,   1,           7.07,           2.13
 245,365,   1,           7.07,           2.43
 246,  1,   2,           3.83,           1.51
 247,  2,   2,           4.30,           1.12
 248,  3,   2,           4.97,           1.46
 249,  4,   2,           4.87,           0.63
 250,  5,   2,           5.60,           0.69
 251,  6,   2,           4.83,           1.93
 252,  7,   2,           5.30,           1.13
 253,  8,   2,           6.20,           1.60
 254,  9,   2,           5.27,           2.93
 255, 10,   2,           3.80,           2.07
 256, 11,   2,           5.93,           1.50
 257, 12,   2,           6.77,           1.61
 258, 13,   2,           7.00,           2.31
 259, 14,   2,           5.63,           2.41
 260, 15,   2,           5.67,           1.16
 261, 16,   2,           4.70,           2.28
 262, 17,   2,           4.87,           2.03
 263, 18,   2,           2.97,           3.05
 264, 19,   2,           3.27,           3.09
 265, 20,   2,           3.10,           3.03
 266, 21,   2,           1.93,           3.56
 267, 22,   2,           2.23,           1.97
 268, 23,   2,           1.97,           2.21
 269, 24,   2,           0.90,           2.59
 270, 25,   2,           1.70,           2.61
 271, 26,   2,           5.73,           3.19
 272, 27,   2,           6.23,           1.59
 273, 28,   2,           4.80,           2.27
 274, 29,   2,           5.00,           3.40
 275, 30,   2,           3.20,           2.96
 276, 31,   2,           2.77,           3.13
 277, 32,   2,           4.13,           2.14
 278, 33,   2,           5.17,           1.41
 279, 34,   2,           6.53,           3.46
 280, 35,   2,           4.60,           2.63
 281, 36,   2,           5.20,           3.37
 282, 37,   2,           4.23,           2.59
 283, 38,   2,           2.53,           4.89
 284, 39,   2,           3.13,           2.12
 285, 40,   2,           4.77,           4.30
 286, 41,   2,           3.57,           4.02
 287, 42,   2,           2.20,           6.27
 288, 43,   2,           1.67,           6.78
 289, 44,   2,           2.10,           4.87
 290, 45,   2,           3.73,           6.73
 291, 46,   2,           6.57,           4.89
 292, 47,   2,           8.40,           5.11
 293, 48,   2,           8.10,           6.28
 294, 49,   2,           7.63,           6.21
 295, 50,   2,           6.87,           6.60
 296, 51,   2,           9.23,           7.10
 297, 52,   2,           8.73,           6.21
 298, 53,   2,          10.17,           3.82
 299, 54,   2,           9.67,           6.78
 300, 55,   2,           9.13,           7.51
 301, 56,   2,           8.43,           9.57
 302, 57,   2,           5.90,           9.18
 303, 58,   2,           5.50,           7.09
 304, 59,   2,           5.43,           7.55
 305, 60,   2,           6.83,           5.38
 306, 61,   2,           7.03,           8.71
 307, 62,   2,           7.07,           4.19
 308, 63,   2,           5.80,           6.59
 309, 64,   2,           5.30,          11.02
 310, 65,   2,           5.40,           5.47
 311, 66,   2,           5.60,           6.90
 312, 67,   2,           6.60,           8.64
 313, 68,   2,           7.53,           3.92
 314, 69,   2,           6.43,           5.28
 315, 70,   2,           8.30,           5.00
 316, 71,   2,           8.30,           5.90
 317, 72,   2,           7.53,           6.77
 318, 73,   2,           7.17,           5.21
 319, 74,   2,           7.60,           7.15
 320, 75,   2,           8.40,           3.81
 321, 76,   2,           6.53,          10.27
 322, 77,   2,           6.03,          10.24
 323, 78,   2,           6.60,          11.73
 324, 79,   2,           7.30,           6.97
 325, 80,   2,           6.97,           6.16
 326, 81,   2,           6.60,          12.27
 327, 82,   2,           6.40,           9.94
 328, 83,   2,           5.63,          16.23
 329, 84,   2,           6.93,          12.25
 330, 85,   2,           7.50,          12.99
 331, 86,   2,           7.60,          13.10
 332, 87,   2,           8.90,           9.54
 333, 88,   2,           9.57,          17.77
 334, 89,   2,           9.07,          17.01
 335, 90,   2,           8.60,          14.21
 336, 91,   2,           6.93,          19.23
 337, 92,   2,           6.17,          10.25
 338, 93,   2,           6.77,          11.24
 339, 94,   2,           6.17,           9.18
 340, 95,   2,           6.43,          17.12
 341, 96,   2,           8.57,          14.48
 342, 97,   2,          10.93,          14.99
 343, 98,   2,          10.67,          16.75
 344, 99,   2,          10.80,          17.85
 345,100,   2,           8.10,          15.82
 346,101,   2,           7.27,          17.23
 347,102,   2,           7.00,          17.31
 348,103,   2,           7.03,          17.22
 349,104,   2,           5.93,          16.87
 350,105,   2,           7.30,          14.76
 351,106,   2,           9.17,          21.01
 352,107,   2,          10.93,          17.43
 353,108,   2,          11.87,          21.35
 354,109,   2,          12.43,          14.80
 355,110,   2,          13.60,          20.86
 356,111,   2,          11.97,          22.38
 357,112,   2,          12.53,          22.53
 358,113,   2,          12.67,          22.49
 359,114,   2,          13.37,          20.45
 360,115,   2,          10.57,          17.15
 361,116,   2,           9.93,          19.88
 362,117,   2,           9.33,          19.27
 363,118,   2,          10.80,          17.49
 364,119,   2,           9.17,          10.67
 365,120,   2,          10.03,           7.48
 366,121,   2,           9.43,          18.20
 367,122,   2,           8.87,          13.40
 368,123,   2,           9.40,          14.19
 369,124,   2,           8.83,          14.33
 370,125,   2,           8.20,          19.51
 371,126,   2,           7.23,          16.48
 372,127,   2,           8.40,          19.97
 373,128,   2,          10.87,          14.10
 374,129,   2,          15.13,          21.49
 375,130,   2,          14.50,          17.38
 376,131,   2,          12.03,          17.27
 377,132,   2,           9.80,          21.48
 378,133,   2,           9.73,          22.60
 379,134,   2,           9.70,          20.59
 380,135,   2,           9.93,          19.32
 381,136,   2,          10.57,          19.07
 382,137,   2,          10.97,          13.19
 383,138,   2,          12.97,          22.17
 384,139,   2,          13.47,          19.72
 385,140,   2,          14.03,          16.55
 386,141,   2,          13.73,          15.94
 387,142,   2,          14.33,          19.55
 388,143,   2,          15.23,          18.72
 389,144,   2,          13.83,          20.58
 390,145,   2,          12.37,          13.27
 391,146,   2,          14.07,          18.81
 392,147,   2,          13.70,          18.11
 393,148,   2,          13.17,          22.72
 394,149,   2,          13.20,          28.61
 395,150,   2,          15.67,          23.20
 396,151,   2,          17.23,          24.96
 397,152,   2,          18.20,          29.01
 398,153,   2,          20.80,          27.66
 399,154,   2,          19.47,          19.50
 400,155,   2,          18.67,          21.91
 401,156,   2,          14.90,           8.43
 402,157,   2,          13.70,          20.65
 403,158,   2,          14.63,          22.75
 404,159,   2,          15.40,          18.58
 405,160,   2,          16.30,          24.89
 406,161,   2,          16.80,          20.55
 407,162,   2,          16.03,          19.08
 408,163,   2,          15.47,          14.36
 409,164,   2,          16.77,          23.75
 410,165,   2,          19.17,          26.76
 411,166,   2,          17.47,          16.76
 412,167,   2,          19.23,          22.97
 413,168,   2,          20.37,          20.77
 414,169,   2,          20.70,          22.07
 415,170,   2,          18.13,          12.96
 416,171,   2,          17.53,          18.58
 417,172,   2,          15.37,          15.80
 418,173,   2,          16.67,          21.05
 419,174,   2,          18.33,          22.92
 420,175,   2,          19.97,          24.46
 421,176,   2,          21.47,          21.11
 422,177,   2,          20.97,          23.16
 423,178,   2,          20.47,          26.33
 424,179,   2,          19.70,          19.15
 425,180,   2,          19.27,          19.92
 426,181,   2,          16.90,          14.97
 427,182,   2,          16.33,          12.83
 428,183,   2,          17.27,          18.64
 429,184,   2,          16.83,          17.82
 430,185,   2,          17.40,          21.23
 431,186,   2,          17.33,          15.31
 432,187,   2,          17.43,          14.51
 433,188,   2,          15.37,          17.79
 434,189,   2,          15.50,          17.37
 435,190,   2,          15.63,          19.67
 436,191,   2,          16.60,          10.31
 437,192,   2,          17.40,          17.27
 438,193,   2,          16.87,          17.27
 439,194,   2,          16.83,          12.82
 440,195,   2,          17.23,          16.96
 441,196,   2,          16.33,           7.11
 442,197,   2,          16.53,          15.73
 443,198,   2,          17.93,          21.02
 444,199,   2,          19.17,          19.35
 445,200,   2,          18.73,          20.61
 446,201,   2,          18.17,          19.63
 447,202,   2,          18.00,          23.98
 448,203,   2,          17.80,          24.61
 449,204,   2,          18.53,          22.32
 450,205,   2,          21.00,          18.62
 451,206,   2,          22.33,          19.71
 452,207,   2,          21.83,          16.04
 453,208,   2,          19.70,          18.43
 454,209,   2,          18.50,          11.65
 455,210,   2,          18.20,          22.08
 456,211,   2,          18.33,          18.71
 457,212,   2,          17.60,          18.08
 458,213,   2,          19.60,          17.95
 459,214,   2,          18.07,          14.18
 460,215,   2,          16.23,          13.80
 461,216,   2,          16.87,          16.89
 462,217,   2,          18.47,          19.79
 463,218,   2,          19.50,          19.27
 464,219,   2,          19.47,          20.43
 465,220,   2,          19.83,          19.36
 466,221,   2,          20.97,          13.80
 467,222,   2,          21.23,          19.03
 468,223,   2,          20.57,          19.63
 469,224,   2,          20.67,          19.37
 470,225,   2,          19.53,          16.88
 471,226,   2,          19.70,          16.17
 472,227,   2,          19.87,          17.30
 473,228,   2,          18.60,          15.22
 474,229,   2,          18.20,           9.11
 475,230,   2,          17.50,           9.83
 476,231,   2,          17.07,          13.32
 477,232,   2,          18.10,          16.02
 478,233,   2,          19.07,          16.05
 479,234,   2,          19.33,          16.61
 480,235,   2,          18.33,          17.57
 481,236,   2,          18.23,          18.12
 482,237,   2,          17.97,          17.39
 483,238,   2,          18.90,          12.98
 484,239,   2,          18.63,          12.93
 485,240,   2,          18.43,          12.36
 486,241,   2,          16.93,          10.13
 487,242,   2,          16.33,          14.73
 488,243,   2,          17.07,          13.01
 489,244,   2,          15.80,          11.75
 490,245,   2,          15.23,          13.85
 491,246,   2,          15.80,          13.42
 492,247,   2,          15.57,           8.98
 493,248,   2,          15.43,          15.32
 494,249,   2,          15.10,          13.78
 495,250,   2,          15.43,          14.13
 496,251,   2,          15.93,          17.38
 497,252,   2,          16.13,          11.55
 498,253,   2,          16.23,           8.56
 499,254,   2,          15.47,           8.28
 500,255,   2,          16.00,          12.16
 501,256,   2,          15.07,          10.88
 502,257,   2,          15.63,          15.34
 503,258,   2,          16.87,          12.18
 504,259,   2,          16.93,          11.13
 505,260,   2,          15.30,          11.20
 506,261,   2,          13.23,          13.61
 507,262,   2,          13.83,          14.07
 508,263,   2,          13.07,          14.81
 509,264,   2,          14.17,          15.51
 510,265,   2,          15.57,          14.51
 511,266,   2,          15.30,          10.49
 512,267,   2,          16.37,           7.49
 513,268,   2,          15.30,           7.22
 514,269,   2,          14.83,           6.85
 515,270,   2,          14.57,           8.82
 516,271,   2,          14.57,           8.98
 517,272,   2,          13.20,           3.20
 518,273,   2,          13.90,           8.25
 519,274,   2,          14.63,           4.98
 520,275,   2,          12.67,           6.64
 521,276,   2,          12.40,           5.70
 522,277,   2,          12.23,           5.43
 523,278,   2,          11.50,           7.96
 524,279,   2,          11.17,           3.76
 525,280,   2,          11.07,           6.76
 526,281,   2,          12.10,           6.79
 527,282,   2,          11.53,           6.13
 528,283,   2,          11.50,           7.96
 529,284,   2,          11.73,           5.34
 530,285,   2,          10.63,           5.53
 531,286,   2,          11.93,           6.20
 532,287,   2,          12.77,           5.49
 533,288,   2,          11.57,           6.25
 534,289,   2,          10.93,           5.22
 535,290,   2,          10.90,           6.57
 536,291,   2,          10.37,           5.48
 537,292,   2,          12.37,           4.73
 538,293,   2,          11.97,           3.55
 539,294,   2,          11.27,           2.96
 540,295,   2,          11.73,           3.73
 541,296,   2,          10.90,           4.86
 542,297,   2,          11.50,           6.56
 543,298,   2,          12.80,           3.89
 544,299,   2,          13.70,           4.38
 545,300,   2,          11.10,           5.70
 546,301,   2,           9.27,           5.90
 547,302,   2,           9.70,           6.02
 548,303,   2,           9.07,           4.30
 549,304,   2,           9.73,           4.59
 550,305,   2,          10.17,           3.85
 551,306,   2,          11.50,           3.28
 552,307,   2,          10.43,           3.28
 553,308,   2,           8.43,           4.15
 554,309,   2,           7.87,           4.63
 555,310,   2,           8.17,           4.12
 556,311,   2,           8.70,           4.15
 557,312,   2,           6.60,           5.34
 558,313,   2,           7.80,           3.58
 559,314,   2,           7.80,           4.41
 560,315,   2,           9.10,           2.63
 561,316,   2,           8.00,           2.59
 562,317,   2,           9.03,           2.53
 563,318,   2,           8.30,           2.16
 564,319,   2,           7.77,           1.47
 565,320,   2,           7.23,           1.79
 566,321,   2,           7.70,           3.06
 567,322,   2,           9.53,           2.47
 568,323,   2,           9.77,           3.71
 569,324,   2,           6.60,           2.68
 570,325,   2,           5.67,           3.52
 571,326,   2,           6.33,           3.41
 572,327,   2,           7.10,           2.50
 573,328,   2,           5.67,           3.40
 574,329,   2,           6.87,           2.68
 575,330,   2,           6.90,           2.19
 576,331,   2,           7.40,           1.14
 577,332,   2,           5.93,           1.09
 578,333,   2,           4.27,           3.05
 579,334,   2,           3.47,           2.43
 580,335,   2,           3.53,           1.95
 581,336,   2,           4.97,           2.51
 582,337,   2,           4.73,           1.89
 583,338,   2,           3.90,           1.76
 584,339,   2,           3.63,           1.54
 585,340,   2,           3.63,           1.66
 586,341,   2,           5.07,           2.03
 587,342,   2,           6.20,           1.80
 588,343,   2,           3.97,           1.62
 589,344,   2,           3.03,           1.87
 590,345,   2,           3.77,           2.48
 591,346,   2,           5.33,           1.77
 592,347,   2,           7.00,           0.95
 593,348,   2,           7.30,           1.60
 594,349,   2,           8.87,           1.74
 595,350,   2,           7.40,           1.67
 596,351,   2,           8.27,           1.86
 597,352,   2,           7.30,           1.87
 598,353,   2,           8.43,           2.31
 599,354,   2,           7.37,           1.47
 600,355,   2,           4.53,           2.27
 601,356,   2,           4.43,           1.52
 602,357,   2,           6.93,           1.48
 603,358,   2,           9.00,           0.70
 604,359,   2,           4.07,           2.59
 605,360,   2,           2.67,           2.18
 606,361,   2,           4.47,           2.17
 607,362,   2,           4.57,           1.44
 608,363,   2,           4.77,           1.84
 609,364,   2,           7.07,           2.13
 610,365,   2,           7.07,           2.43
 611,  1,   3,           3.83,           1.51
 612,  2,   3,           4.30,           1.12
 613,  3,   3,           4.97,           1.46
 614,  4,   3,           4.87,           0.63
 615,  5,   3,           5.60,           0.69
 616,  6,   3,           4.83,           1.93
 617,  7,   3,           5.30,           1.13
 618,  8,   3,           6.20,           1.60
 619,  9,   3,           5.27,           2.93
 620, 10,   3,           3.80,           2.07
 621, 11,   3,           5.93,           1.50
 622, 12,   3,           6.77,           1.61
 623, 13,   3,           7.00,           2.31
 624, 14,   3,           5.63,           2.41
 625, 15,   3,           5.67,           1.16
 626, 16,   3,           4.70,           2.28
 627, 17,   3,           4.87,           2.03
 628, 18,   3,           2.97,           3.05
 629, 19,   3,           3.27,           3.09
 630, 20,   3,           3.10,           3.03
 631, 21,   3,           1.93,           3.56
 632, 22,   3,           2.23,           1.97
 633, 23,   3,           1.97,           2.21
 634, 24,   3,           0.90,           2.59
 635, 25,   3,           1.70,           2.61
 636, 26,   3,           5.73,           3.19
 637, 27,   3,           6.23,           1.59
 638, 28,   3,           4.80,           2.27
 639, 29,   3,           5.00,           3.40
 640, 30,   3,           3.20,           2.96
 641, 31,   3,           2.77,           3.13
 642, 32,   3,           4.13,           2.14
 643, 33,   3,           5.17,           1.41
 644, 34,   3,           6.53,           3.46
 645, 35,   3,           4.60,           2.63
 646, 36,   3,           5.20,           3.37
 647, 37,   3,           4.23,           2.59
 648, 38,   3,           2.53,           4.89
 649, 39,   3,           3.13,           2.12
 650, 40,   3,           4.77,           4.30
 651, 41,   3,           3.57,           4.02
 652, 42,   3,           2.20,           6.27
 653, 43,   3,           1.67,           6.78
 654, 44,   3,           2.10,           4.87
 655, 45,   3,           3.73,           6.73
 656, 46,   3,           6.57,           4.89
 657, 47,   3,           8.40,           5.11
 658, 48,   3,           8.10,           6.28
 659, 49,   3,           7.63,           6.21
 660, 50,   3,           6.87,           6.60
 661, 51,   3,           9.23,           7.10
 662, 52,   3,           8.73,           6.21
 663, 53,   3,          10.17,           3.82
 664, 54,   3,           9.67,           6.78
 665, 55,   3,           9.13,           7.51
 666, 56,   3,           8.43,           9.57
 667, 57,   3,           5.90,           9.18
 668, 58,   3,           5.50,           7.09
 669, 59,   3,           5.43,           7.55
 670, 60,   3,           6.83,           5.38
 671, 61,   3,           7.03,           8.71
 672, 62,   3,           7.07,           4.19
 673, 63,   3,           5.80,           6.59
 674, 64,   3,           5.30,          11.02
 675, 65,   3,           5.40,           5.47
 676, 66,   3,           5.60,           6.90
 677, 67,   3,           6.60,           8.64
 678, 68,   3,           7.53,           3.92
 679, 69,   3,           6.43,           5.28
 680, 70,   3,           8.30,           5.00
 681, 71,   3,           8.30,           5.90
 682, 72,   3,           7.53,           6.77
 683, 73,   3,           7.17,           5.21
 684, 74,   3,           7.60,           7.15
 685, 75,   3,           8.40,           3.81
 686, 76,   3,           6.53,          10.27
 687, 77,   3,           6.03,          10.24
 688, 78,   3,           6.60,          11.73
 689, 79,   3,           7.30,           6.97
 690, 80,   3,           6.97,           6.16
 691, 81,   3,           6.60,          12.27
 692, 82,   3,           6.40,           9.94
 693, 83,   3,           5.63,          16.23
 694, 84,   3,           6.93,          12.25
 695, 85,   3,           7.50,          12.99
 696, 86,   3,           7.60,          13.10
 697, 87,   3,           8.90,           9.54
 698, 88,   3,           9.57,          17.77
 699, 89,   3,           9.07,          17.01
 700, 90,   3,           8.60,          14.21
 701, 91,   3,           6.93,          19.23
 702, 92,   3,           6.17,          10.25
 703, 93,   3,           6.77,          11.24
 704, 94,   3,           6.17,           9.18
 705, 95,   3,           6.43,          17.12
 706, 96,   3,           8.57,          14.48
 707, 97,   3,          10.93,          14.99
 708, 98,   3,          10.67,          16.75
 709, 99,   3,          10.80,          17.85
 710,100,   3,           8.10,          15.82
 711,101,   3,           7.27,          17.23
 712,102,   3,           7.00,          17.31
 713,103,   3,           7.03,          17.22
 714,104,   3,           5.93,          16.87
 715,105,   3,           7.30,          14.76
 716,106,   3,           9.17,          21.01
 717,107,   3,          10.93,          17.43
 718,108,   3,          11.87,          21.35
 719,109,   3,          12.43,          14.80
 720,110,   3,          13.60,          20.86
 721,111,   3,          11.97,          22.38
 722,112,   3,          12.53,          22.53
 723,113,   3,          12.67,          22.49
 724,114,   3,          13.37,          20.45
 725,115,   3,          10.57,          17.15
 726,116,   3,           9.93,          19.88
 727,117,   3,           9.33,          19.27
 728,118,   3,          10.80,          17.49
 729,119,   3,           9.17,          10.67
 730,120,   3,          10.03,           7.48
 731,121,   3,           9.43,          18.20
 732,122,   3,           8.87,          13.40
 733,123,   3,           9.40,          14.19
 734,124,   3,           8.83,          14.33
 735,125,   3,           8.20,          19.51
 736,126,   3,           7.23,          16.48
 737,127,   3,           8.40,          19.97
 738,128,   3,          10.87,          14.10
 739,129,   3,          15.13,          21.49
 740,130,   3,          14.50,          17.38
 741,131,   3,          12.03,          17.27
 742,132,   3,           9.80,          21.48
 743,133,   3,           9.73,          22.60
 744,134,   3,           9.70,          20.59
 745,135,   3,           9.93,          19.32
 746,136,   3,          10.57,          19.07
 747,137,   3,          10.97,          13.19
 748,138,   3,          12.97,          22.17
 749,139,   3,          13.47,          19.72
 750,140,   3,          14.03,          16.55
 751,141,   3,          13.73,          15.94
 752,142,   3,          14.33,          19.55
 753,143,   3,          15.23,          18.72
 754,144,   3,          13.83,          20.58
 755,145,   3,          12.37,          13.27
 756,146,   3,          14.07,          18.81
 757,147,   3,          13.70,          18.11
 758,148,   3,          13.17,          22.72
 759,149,   3,          13.20,          28.61
 760,150,   3,          15.67,          23.20
 761,151,   3,          17.23,          24.96
 762,152,   3,          18.20,          29.01
 763,153,   3,          20.80,          27.66
 764,154,   3,          19.47,          19.50
 765,155,   3,          18.67,          21.91
 766,156,   3,          14.90,           8.43
 767,157,   3,          13.70,          20.65
 768,158,   3,          14.63,          22.75
 769,159,   3,          15.40,          18.58
 770,160,   3,          16.30,          24.89
 771,161,   3,          16.80,          20.55
 772,162,   3,          16.03,          19.08
 773,163,   3,          15.47,          14.36
 774,164,   3,          16.77,          23.75
 775,165,   3,          19.17,          26.76
 776,166,   3,          17.47,          16.76
 777,167,   3,          19.23,          22.97
 778,168,   3,          20.37,          20.77
 779,169,   3,          20.70,          22.07
 780,170,   3,          18.13,          12.96
 781,171,   3,          17.53,          18.58
 782,172,   3,          15.37,          15.80
 783,173,   3,          16.67,          21.05
 784,174,   3,          18.33,          22.92
 785,175,   3,          19.97,          24.46
 786,176,   3,          21.47,          21.11
 787,177,   3,          20.97,          23.16
 788,178,   3,          20.47,          26.33
 789,179,   3,          19.70,          19.15
 790,180,   3,          19.27,          19.92
 791,181,   3,          16.90,          14.97
 792,182,   3,          16.33,          12.83
 793,183,   3,          17.27,          18.64
 794,184,   3,          16.83,          17.82
 795,185,   3,          17.40,          21.23
 796,186,   3,          17.33,          15.31
 797,187,   3,          17.43,          14.51
 798,188,   3,          15.37,          17.79
 799,189,   3,          15.50,          17.37
 800,190,   3,          15.63,          19.67
 801,191,   3,          16.60,          10.31
 802,192,   3,          17.40,          17.27
 803,193,   3,          16.87,          17.27
 804,194,   3,          16.83,          12.82
 805,195,   3,          17.23,          16.96
 806,196,   3,          16.33,           7.11
 807,197,   3,          16.53,          15.73
 808,198,   3,          17.93,          21.02
 809,199,   3,          19.17,          19.35
 810,200,   3,          18.73,          20.61
 811,201,   3,          18.17,          19.63
 812,202,   3,          18.00,          23.98
 813,203,   3,          17.80,          24.61
 814,204,   3,          18.53,          22.32
 815,205,   3,          21.00,          18.62
 816,206,   3,          22.33,          19.71
 817,207,   3,          21.83,          16.04
 818,208,   3,          19.70,          18.43
 819,209,   3,          18.50,          11.65
 820,210,   3,          18.20,          22.08
 821,211,   3,          18.33,          18.71
 822,212,   3,          17.60,          18.08
 823,213,   3,          19.60,          17.95
 824,214,   3,          18.07,          14.18
 825,215,   3,          16.23,          13.80
 826,216,   3,          16.87,          16.89
 827,217,   3,          18.47,          19.79
 828,218,   3,          19.50,          19.27
 829,219,   3,          19.47,          20.43
 830,220,   3,          19.83,          19.36
 831,221,   3,          20.97,          13.80
 832,222,   3,          21.23,          19.03
 833,223,   3,          20.57,          19.63
 834,224,   3,          20.67,          19.37
 835,225,   3,          19.53,          16.88
 836,226,   3,          19.70,          16.17
 837,227,   3,          19.87,          17.30
 838,228,   3,          18.60,          15.22
 839,229,   3,          18.20,           9.11
 840,230,   3,          17.50,           9.83
 841,231,   3,          17.07,          13.32
 842,232,   3,          18.10,          16.02
 843,233,   3,          19.07,          16.05
 844,234,   3,          19.33,          16.61
 845,235,   3,          18.33,          17.57
 846,236,   3,          18.23,          18.12
 847,237,   3,          17.97,          17.39
 848,238,   3,          18.90,          12.98
 849,239,   3,          18.63,          12.93
 850,240,   3,          18.43,          12.36
 851,241,   3,          16.93,          10.13
 852,242,   3,          16.33,          14.73
 853,243,   3,          17.07,          13.01
 854,244,   3,          15.80,          11.75
 855,245,   3,          15.23,          13.85
 856,246,   3,          15.80,          13.42
 857,247,   3,          15.57,           8.98
 858,248,   3,          15.43,          15.32
 859,249,   3,          15.10,          13.78
 860,250,   3,          15.43,          14.13
 861,251,   3,          15.93,          17.38
 862,252,   3,          16.13,          11.55
 863,253,   3,          16.23,           8.56
 864,254,   3,          15.47,           8.28
 865,255,   3,          16.00,          12.16
 866,256,   3,          15.07,          10.88
 867,257,   3,          15.63,          15.34
 868,258,   3,          16.87,          12.18
 869,259,   3,          16.93,          11.13
 870,260,   3,          15.30,          11.20
 871,261,   3,          13.23,          13.61
 872,262,   3,          13.83,          14.07
 873,263,   3,          13.07,          14.81
 874,264,   3,          14.17,          15.51
 875,265,   3,          15.57,          14.51
 876,266,   3,          15.30,          10.49
 877,267,   3,          16.37,           7.49
 878,268,   3,          15.30,           7.22
 879,269,   3,          14.83,           6.85
 880,270,   3,          14.57,           8.82
 881,271,   3,          14.57,           8.98
 882,272,   3,          13.20,           3.20
 883,273,   3,          13.90,           8.25
 884,274,   3,          14.63,           4.98
 885,275,   3,          12.67,           6.64
 886,276,   3,          12.40,           5.70
 887,277,   3,          12.23,           5.43
 888,278,   3,          11.50,           7.96
 889,279,   3,          11.17,           3.76
 890,280,   3,          11.07,           6.76
 891,281,   3,          12.10,           6.79
 892,282,   3,          11.53,           6.13
 893,283,   3,          11.50,           7.96
 894,284,   3,          11.73,           5.34
 895,285,   3,          10.63,           5.53
 896,286,   3,          11.93,           6.20
 897,287,   3,          12.77,           5.49
 898,288,   3,          11.57,           6.25
 899,289,   3,          10.93,           5.22
 900,290,   3,          10.90,           6.57
 901,291,   3,          10.37,           5.48
 902,292,   3,          12.37,           4.73
 903,293,   3,          11.97,           3.55
 904,294,   3,          11.27,           2.96
 905,295,   3,          11.73,           3.73
 906,296,   3,          10.90,           4.86
 907,297,   3,          11.50,           6.56
 908,298,   3,          12.80,           3.89
 909,299,   3,          13.70,           4.38
 910,300,   3,          11.10,           5.70
 911,301,   3,           9.27,           5.90
 912,302,   3,           9.70,           6.02
 913,303,   3,           9.07,           4.30
 914,304,   3,           9.73,           4.59
 915,305,   3,          10.17,           3.85
 916,306,   3,          11.50,           3.28
 917,307,   3,          10.43,           3.28
 918,308,   3,           8.43,           4.15
 919,309,   3,           7.87,           4.63
 920,310,   3,           8.17,           4.12
 921,311,   3,           8.70,           4.15
 922,312,   3,           6.60,           5.34
 923,313,   3,           7.80,           3.58
 924,314,   3,           7.80,           4.41
 925,315,   3,           9.10,           2.63
 926,316,   3,           8.00,           2.59
 927,317,   3,           9.03,           2.53
 928,318,   3,           8.30,           2.16
 929,319,   3,           7.77,           1.47
 930,320,   3,           7.23,           1.79
 931,321,   3,           7.70,           3.06
 932,322,   3,           9.53,           2.47
 933,323,   3,           9.77,           3.71
 934,324,   3,           6.60,           2.68
 935,325,   3,           5.67,           3.52
 936,326,   3,           6.33,           3.41
 937,327,   3,           7.10,           2.50
 938,328,   3,           5.67,           3.40
 939,329,   3,           6.87,           2.68
 940,330,   3,           6.90,           2.19
 941,331,   3,           7.40,           1.14
 942,332,   3,           5.93,           1.09
 943,333,   3,           4.27,           3.05
 944,334,   3,           3.47,           2.43
 945,335,   3,           3.53,           1.95
 946,336,   3,           4.97,           2.51
 947,337,   3,           4.73,           1.89
 948,338,   3,           3.90,           1.76
 949,339,   3,           3.63,           1.54
 950,340,   3,           3.63,           1.66
 951,341,   3,           5.07,           2.03
 952,342,   3,           6.20,           1.80
 953,343,   3,           3.97,           1.62
 954,344,   3,           3.03,           1.87
 955,345,   3,           3.77,           2.48
 956,346,   3,           5.33,           1.77
 957,347,   3,           7.00,           0.95
 958,348,   3,           7.30,           1.60
 959,349,   3,           8.87,           1.74
 960,350,   3,           7.40,           1.67
 961,351,   3,           8.27,           1.86
 962,352,   3,           7.30,           1.87
 963,353,   3,           8.43,           2.31
 964,354,   3,           7.37,           1.47
 965,355,   3,           4.53,           2.27
 966,356,   3,           4.43,           1.52
 967,357,   3,           6.93,           1.48
 968,358,   3,           9.00,           0.70
 969,359,   3,           4.07,           2.59
 970,360,   3,           2.67,           2.18
 971,361,   3,           4.47,           2.17
 972,362,   3,           4.57,           1.44
 973,363,   3,           4.77,           1.84
 974,364,   3,           7.07,           2.13
 975,365,   3,           7.07,           2.43
 976,  1,   4,           3.83,           1.51
 977,  2,   4,           4.30,           1.12
 978,  3,   4,           4.97,           1.46
 979,  4,   4,           4.87,           0.63
 980,  5,   4,           5.60,           0.69
 981,  6,   4,           4.83,           1.93
 982,  7,   4,           5.30,           1.13
 983,  8,   4,           6.20,           1.60
 984,  9,   4,           5.27,           2.93
 985, 10,   4,           3.80,           2.07
 986, 11,   4,           5.93,           1.50
 987, 12,   4,           6.77,           1.61
 988, 13,   4,           7.00,           2.31
 989, 14,   4,           5.63,           2.41
 990, 15,   4,           5.67,           1.16
 991, 16,   4,           4.70,           2.28
 992, 17,   4,           4.87,           2.03
 993, 18,   4,           2.97,           3.05
 994, 19,   4,           3.27,           3.09
 995, 20,   4,           3.10,           3.03
 996, 21,   4,           1.93,           3.56
 997, 22,   4,           2.23,           1.97
 998, 23,   4,           1.97,           2.21
 999, 24,   4,           0.90,           2.59
1000, 25,   4,           1.70,           2.61
1001, 26,   4,           5.73,           3.19
1002, 27,   4,           6.23,           1.59
1003, 28,   4,           4.80,           2.27
1004, 29,   4,           5.00,           3.40
1005, 30,   4,           3.20,           2.96
1006, 31,   4,           2.77,           3.13
1007, 32,   4,           4.13,           2.14
1008, 33,   4,           5.17,           1.41
1009, 34,   4,           6.53,           3.46
1010, 35,   4,           4.60,           2.63
1011, 36,   4,           5.20,           3.37
1012, 37,   4,           4.23,           2.59
1013, 38,   4,           2.53,           4.89
1014, 39,   4,           3.13,           2.12
1015, 40,   4,           4.77,           4.30
1016, 41,   4,           3.57,           4.02
1017, 42,   4,           2.20,           6.27
1018, 43,   4,           1.67,           6.78
1019, 44,   4,           2.10,           4.87
1020, 45,   4,           3.73,           6.73
1021, 46,   4,           6.57,           4.89
1022, 47,   4,           8.40,           5.11
1023, 48,   4,           8.10,           6.28
1024, 49,   4,           7.63,           6.21
1025, 50,   4,           6.87,           6.60
1026, 51,   4,           9.23,           7.10
1027, 52,   4,           8.73,           6.21
1028, 53,   4,          10.17,           3.82
1029, 54,   4,           9.67,           6.78
1030, 55,   4,           9.13,           7.51
1031, 56,   4,           8.43,           9.57
1032, 57,   4,           5.90,           9.18
1033, 58,   4,           5.50,           7.09
1034, 59,   4,           5.43,           7.55
1035, 60,   4,           6.83,           5.38
1036, 61,   4,           7.03,           8.71
1037, 62,   4,           7.07,           4.19
1038, 63,   4,           5.80,           6.59
1039, 64,   4,           5.30,          11.02
1040, 65,   4,           5.40,           5.47
1041, 66,   4,           5.60,           6.90
1042, 67,   4,           6.60,           8.64
1043, 68,   4,           7.53,           3.92
1044, 69,   4,           6.43,           5.28
1045, 70,   4,           8.30,           5.00
1046, 71,   4,           8.30,           5.90
1047, 72,   4,           7.53,           6.77
1048, 73,   4,           7.17,           5.21
1049, 74,   4,           7.60,           7.15
1050, 75,   4,           8.40,           3.81
1051, 76,   4,           6.53,          10.27
1052, 77,   4,           6.03,          10.24
1053, 78,   4,           6.60,          11.73
1054, 79,   4,           7.30,           6.97
1055, 80,   4,           6.97,           6.16
1056, 81,   4,           6.60,          12.27
1057, 82,   4,           6.40,           9.94
1058, 83,   4,           5.63,          16.23
1059, 84,   4,           6.93,          12.25
1060, 85,   4,           7.50,          12.99
1061, 86,   4,           7.60,          13.10
1062, 87,   4,           8.90,           9.54
1063, 88,   4,           9.57,          17.77
1064, 89,   4,           9.07,          17.01
1065, 90,   4,           8.60,          14.21
1066, 91,   4,           6.93,          19.23
1067, 92,   4,           6.17,          10.25
1068, 93,   4,           6.77,          11.24
1069, 94,   4,           6.17,           9.18
1070, 95,   4,           6.43,          17.12
1071, 96,   4,           8.57,          14.48
1072, 97,   4,          10.93,          14.99
1073, 98,   4,          10.67,          16.75
1074, 99,   4,          10.80,          17.85
1075,100,   4,           8.10,          15.82
1076,101,   4,           7.27,          17.23
1077,102,   4,           7.00,          17.31
1078,103,   4,           7.03,          17.22
1079,104,   4,           5.93,          16.87
1080,105,   4,           7.30,          14.76
1081,106,   4,           9.17,          21.01
1082,107,   4,          10.93,          17.43
1083,108,   4,          11.87,          21.35
1084,109,   4,          12.43,          14.80
1085,110,   4,          13.60,          20.86
1086,111,   4,          11.97,          22.38
1087,112,   4,          12.53,          22.53
1088,113,   4,          12.67,          22.49
1089,114,   4,          13.37,          20.45
1090,115,   4,          10.57,          17.15
1091,116,   4,           9.93,          19.88
1092,117,   4,           9.33,          19.27
1093,118,   4,          10.80,          17.49
1094,119,   4,           9.17,          10.67
1095,120,   4,          10.03,           7.48
